{
  "rxData": [
    {
      "date": "Aug 23",
      "xywavTRxVolume": 6228,
      "lumryzTRxVolume": 173,
      "sodOxybateTRxVolume": 1955,
      "xyremTRxVolume": 1814,
      "xywavTRxShare": 61.23893805309735,
      "lumryzTRxShare": 1.7010816125860373,
      "sodOxybateTRxShare": 19.22320550639135,
      "xyremTRxShare": 17.836774827925268,
      "xywavNBRxVolume": 686,
      "lumryzNBRxVolume": 103,
      "sodOxybateNBRxVolume": 238,
      "xyremNBRxVolume": 151,
      "xywavNBRxShare": 58.23429541595926,
      "lumryzNBRxShare": 8.743633276740239,
      "sodOxybateNBRxShare": 20.203735144312393,
      "xyremNBRxShare": 12.818336162988114
    },
    {
      "date": " Sept 23",
      "xywavTRxVolume": 5680,
      "lumryzTRxVolume": 260,
      "sodOxybateTRxVolume": 1812,
      "xyremTRxVolume": 1614,
      "xywavTRxShare": 60.64488575699338,
      "lumryzTRxShare": 2.775998291693359,
      "sodOxybateTRxShare": 19.34657270980141,
      "xyremTRxShare": 17.232543241511852,
      "xywavNBRxVolume": 580,
      "lumryzNBRxVolume": 140,
      "sodOxybateNBRxVolume": 194,
      "xyremNBRxVolume": 132,
      "xywavNBRxShare": 55.44933078393881,
      "lumryzNBRxShare": 13.38432122370937,
      "sodOxybateNBRxShare": 18.54684512428298,
      "xyremNBRxShare": 12.619502868068832
    },
    {
      "date": " Oct 23",
      "xywavTRxVolume": 6123,
      "lumryzTRxVolume": 374,
      "sodOxybateTRxVolume": 1957,
      "xyremTRxVolume": 1597,
      "xywavTRxShare": 60.919311511292406,
      "lumryzTRxShare": 3.7210227838026064,
      "sodOxybateTRxShare": 19.47069943289225,
      "xyremTRxShare": 15.888966272012736,
      "xywavNBRxVolume": 664,
      "lumryzNBRxVolume": 150,
      "sodOxybateNBRxVolume": 206,
      "xyremNBRxVolume": 113,
      "xywavNBRxShare": 58.60547219770521,
      "lumryzNBRxShare": 13.239187996469552,
      "sodOxybateNBRxShare": 18.181818181818183,
      "xyremNBRxShare": 9.973521624007061
    },
    {
      "date": " Nov 23",
      "xywavTRxVolume": 6024,
      "lumryzTRxVolume": 446,
      "sodOxybateTRxVolume": 1869,
      "xyremTRxVolume": 1495,
      "xywavTRxShare": 61.256863941427696,
      "lumryzTRxShare": 4.5352857433394345,
      "sodOxybateTRxShare": 19.00549115314216,
      "xyremTRxShare": 15.202359162090707,
      "xywavNBRxVolume": 628,
      "lumryzNBRxVolume": 150,
      "sodOxybateNBRxVolume": 233,
      "xyremNBRxVolume": 104,
      "xywavNBRxShare": 56.32286995515695,
      "lumryzNBRxShare": 13.452914798206278,
      "sodOxybateNBRxShare": 20.896860986547086,
      "xyremNBRxShare": 9.327354260089686
    },
    {
      "date": " Dec 23",
      "xywavTRxVolume": 6280,
      "lumryzTRxVolume": 499,
      "sodOxybateTRxVolume": 1976,
      "xyremTRxVolume": 1522,
      "xywavTRxShare": 61.10732704096527,
      "lumryzTRxShare": 4.855502578573514,
      "sodOxybateTRxShare": 19.22740099250754,
      "xyremTRxShare": 14.809769387953683,
      "xywavNBRxVolume": 645,
      "lumryzNBRxVolume": 154,
      "sodOxybateNBRxVolume": 206,
      "xyremNBRxVolume": 111,
      "xywavNBRxShare": 57.795698924731184,
      "lumryzNBRxShare": 13.799283154121863,
      "sodOxybateNBRxShare": 18.45878136200717,
      "xyremNBRxShare": 9.946236559139784
    },
    {
      "date": " Jan 24",
      "xywavTRxVolume": 5878,
      "lumryzTRxVolume": 579,
      "sodOxybateTRxVolume": 1613,
      "xyremTRxVolume": 819,
      "xywavTRxShare": 66.12667341658229,
      "lumryzTRxShare": 6.51366857914276,
      "sodOxybateTRxShare": 18.146023174710315,
      "xyremTRxShare": 9.213634829564631,
      "xywavNBRxVolume": 1056,
      "lumryzNBRxVolume": 214,
      "sodOxybateNBRxVolume": 245,
      "xyremNBRxVolume": 130,
      "xywavNBRxShare": 64.19452887537994,
      "lumryzNBRxShare": 13.009118541033434,
      "sodOxybateNBRxShare": 14.893617021276595,
      "xyremNBRxShare": 7.90273556231003
    },
    {
      "date": " Feb 24",
      "xywavTRxVolume": 5365,
      "lumryzTRxVolume": 774,
      "sodOxybateTRxVolume": 1510,
      "xyremTRxVolume": 716,
      "xywavTRxShare": 64.13628212791393,
      "lumryzTRxShare": 9.252839210998207,
      "sodOxybateTRxShare": 18.051404662283325,
      "xyremTRxShare": 8.559473998804542,
      "xywavNBRxVolume": 540,
      "lumryzNBRxVolume": 194,
      "sodOxybateNBRxVolume": 95,
      "xyremNBRxVolume": 59,
      "xywavNBRxShare": 60.810810810810814,
      "lumryzNBRxShare": 21.846846846846844,
      "sodOxybateNBRxShare": 10.698198198198199,
      "xyremNBRxShare": 6.6441441441441444
    },
    {
      "date": " Mar 24",
      "xywavTRxVolume": 6579,
      "lumryzTRxVolume": 699,
      "sodOxybateTRxVolume": 1664,
      "xyremTRxVolume": 793,
      "xywavTRxShare": 67.5808936825886,
      "lumryzTRxShare": 7.180277349768875,
      "sodOxybateTRxShare": 17.092963533641502,
      "xyremTRxShare": 8.145865434001028,
      "xywavNBRxVolume": 597,
      "lumryzNBRxVolume": 180,
      "sodOxybateNBRxVolume": 131,
      "xyremNBRxVolume": 59,
      "xywavNBRxShare": 61.73733195449845,
      "lumryzNBRxShare": 18.61427094105481,
      "sodOxybateNBRxShare": 13.547052740434331,
      "xyremNBRxShare": 6.10134436401241
    },
    {
      "date": " Apr 24",
      "xywavTRxVolume": 6198,
      "lumryzTRxVolume": 812,
      "sodOxybateTRxVolume": 1543,
      "xyremTRxVolume": 638,
      "xywavTRxShare": 67.43553476226744,
      "lumryzTRxShare": 8.834729626808835,
      "sodOxybateTRxShare": 16.788162332716787,
      "xyremTRxShare": 6.941573278206942,
      "xywavNBRxVolume": 530,
      "lumryzNBRxVolume": 171,
      "sodOxybateNBRxVolume": 126,
      "xyremNBRxVolume": 36,
      "xywavNBRxShare": 61.41367323290846,
      "lumryzNBRxShare": 19.81460023174971,
      "sodOxybateNBRxShare": 14.600231749710312,
      "xyremNBRxShare": 4.171494785631518
    },
    {
      "date": " May 24 ",
      "xywavTRxVolume": 6230,
      "lumryzTRxVolume": 906,
      "sodOxybateTRxVolume": 1568,
      "xyremTRxVolume": 588,
      "xywavTRxShare": 67.0469220835127,
      "lumryzTRxShare": 9.750322858372794,
      "sodOxybateTRxShare": 16.874730951356003,
      "xyremTRxShare": 6.328024106758503,
      "xywavNBRxVolume": 521,
      "lumryzNBRxVolume": 197,
      "sodOxybateNBRxVolume": 114,
      "xyremNBRxVolume": 31,
      "xywavNBRxShare": 60.37079953650058,
      "lumryzNBRxShare": 22.827346465816916,
      "sodOxybateNBRxShare": 13.20973348783314,
      "xyremNBRxShare": 3.5921205098493627
    },
    {
      "date": " June 24",
      "xywavTRxVolume": 5908,
      "lumryzTRxVolume": 901,
      "sodOxybateTRxVolume": 1524,
      "xyremTRxVolume": 558,
      "xywavTRxShare": 66.44921831065122,
      "lumryzTRxShare": 10.133843212237094,
      "sodOxybateTRxShare": 17.14092902935553,
      "xyremTRxShare": 6.276009447756158,
      "xywavNBRxVolume": 544,
      "lumryzNBRxVolume": 284,
      "sodOxybateNBRxVolume": 224,
      "xyremNBRxVolume": 59,
      "xywavNBRxShare": 48.964896489648964,
      "lumryzNBRxShare": 25.562556255625562,
      "sodOxybateNBRxShare": 20.162016201620162,
      "xyremNBRxShare": 5.3105310531053105
    },
    {
      "date": " July 24",
      "xywavTRxVolume": 6435,
      "lumryzTRxVolume": 1048,
      "sodOxybateTRxVolume": 1621,
      "xyremTRxVolume": 544,
      "xywavTRxShare": 66.69776119402985,
      "lumryzTRxShare": 10.862354892205639,
      "sodOxybateTRxShare": 16.8014096185738,
      "xyremTRxShare": 5.638474295190713,
      "xywavNBRxVolume": 519,
      "lumryzNBRxVolume": 224,
      "sodOxybateNBRxVolume": 98,
      "xyremNBRxVolume": 26,
      "xywavNBRxShare": 59.86159169550172,
      "lumryzNBRxShare": 25.836216839677046,
      "sodOxybateNBRxShare": 11.303344867358708,
      "xyremNBRxShare": 2.9988465974625145
    },
    {
      "date": " Aug 24",
      "xywavTRxVolume": 6165,
      "lumryzTRxVolume": 1102,
      "sodOxybateTRxVolume": 1514,
      "xyremTRxVolume": 468,
      "xywavTRxShare": 66.6558546869932,
      "lumryzTRxShare": 11.914801600172991,
      "sodOxybateTRxShare": 16.369337225646017,
      "xyremTRxShare": 5.060006487187804,
      "xywavNBRxVolume": 454,
      "lumryzNBRxVolume": 269,
      "sodOxybateNBRxVolume": 91,
      "xyremNBRxVolume": 14,
      "xywavNBRxShare": 54.830917874396135,
      "lumryzNBRxShare": 32.48792270531401,
      "sodOxybateNBRxShare": 10.990338164251208,
      "xyremNBRxShare": 1.6908212560386473
    },
    {
      "date": " Sept 24",
      "xywavTRxVolume": 6060,
      "lumryzTRxVolume": 1087,
      "sodOxybateTRxVolume": 1580,
      "xyremTRxVolume": 476,
      "xywavTRxShare": 65.84809301314789,
      "lumryzTRxShare": 11.811365858959034,
      "sodOxybateTRxShare": 17.168314679995653,
      "xyremTRxShare": 5.172226447897424,
      "xywavNBRxVolume": 450,
      "lumryzNBRxVolume": 222,
      "sodOxybateNBRxVolume": 115,
      "xyremNBRxVolume": 39,
      "xywavNBRxShare": 54.47941888619855,
      "lumryzNBRxShare": 26.876513317191282,
      "sodOxybateNBRxShare": 13.922518159806296,
      "xyremNBRxShare": 4.721549636803874
    },
    {
      "date": " Oct 24",
      "xywavTRxVolume": 6354,
      "lumryzTRxVolume": 1174,
      "sodOxybateTRxVolume": 1541,
      "xyremTRxVolume": 462,
      "xywavTRxShare": 66.66666666666666,
      "lumryzTRxShare": 12.31770013639702,
      "sodOxybateTRxShare": 16.168292938831183,
      "xyremTRxShare": 4.84734025810513,
      "xywavNBRxVolume": 509,
      "lumryzNBRxVolume": 245,
      "sodOxybateNBRxVolume": 98,
      "xyremNBRxVolume": 19,
      "xywavNBRxShare": 58.43857634902411,
      "lumryzNBRxShare": 28.128587830080363,
      "sodOxybateNBRxShare": 11.251435132032148,
      "xyremNBRxShare": 2.1814006888633752
    }
  ],
  "livesData": [
    {
      "month": "M00",
      "wakixCommercial": 0.1,
      "xywavCommercial": 0,
      "lumryzCommercial": 0,
      "wakixMedicare": 0.1,
      "xywavMedicare": null,
      "lumryzMedicare": null
    },
    {
      "month": "M01",
      "wakixCommercial": 0.1,
      "xywavCommercial": 0,
      "lumryzCommercial": 0,
      "wakixMedicare": null,
      "xywavMedicare": null,
      "lumryzMedicare": null
    },
    {
      "month": "M02",
      "wakixCommercial": 8.3,
      "xywavCommercial": 0,
      "lumryzCommercial": 29,
      "wakixMedicare": null,
      "xywavMedicare": null,
      "lumryzMedicare": null
    },
    {
      "month": "M03",
      "wakixCommercial": 22,
      "xywavCommercial": 6.2,
      "lumryzCommercial": 47.2,
      "wakixMedicare": null,
      "xywavMedicare": null,
      "lumryzMedicare": null
    },
    {
      "month": "M04",
      "wakixCommercial": 23.6,
      "xywavCommercial": 32.1,
      "lumryzCommercial": 47.2,
      "wakixMedicare": null,
      "xywavMedicare": null,
      "lumryzMedicare": null
    },
    {
      "month": "M05",
      "wakixCommercial": 23.5,
      "xywavCommercial": 42,
      "lumryzCommercial": 60.1,
      "wakixMedicare": null,
      "xywavMedicare": null,
      "lumryzMedicare": null
    },
    {
      "month": "M06",
      "wakixCommercial": 35.8,
      "xywavCommercial": 47.8,
      "lumryzCommercial": 60.1,
      "wakixMedicare": null,
      "xywavMedicare": null,
      "lumryzMedicare": null
    },
    {
      "month": "M07",
      "wakixCommercial": 35.9,
      "xywavCommercial": 48.1,
      "lumryzCommercial": 60.1,
      "wakixMedicare": null,
      "xywavMedicare": null,
      "lumryzMedicare": null
    },
    {
      "month": "M08",
      "wakixCommercial": 58.5,
      "xywavCommercial": 48.6,
      "lumryzCommercial": 76.6,
      "wakixMedicare": null,
      "xywavMedicare": null,
      "lumryzMedicare": null
    },
    {
      "month": "M09",
      "wakixCommercial": 61.7,
      "xywavCommercial": 53.2,
      "lumryzCommercial": null,
      "wakixMedicare": null,
      "xywavMedicare": null,
      "lumryzMedicare": null
    },
    {
      "month": "M10",
      "wakixCommercial": 65.9,
      "xywavCommercial": 61,
      "lumryzCommercial": null,
      "wakixMedicare": null,
      "xywavMedicare": null,
      "lumryzMedicare": null
    },
    {
      "month": "M11",
      "wakixCommercial": 66,
      "xywavCommercial": 65.3,
      "lumryzCommercial": null,
      "wakixMedicare": null,
      "xywavMedicare": null,
      "lumryzMedicare": null
    },
    {
      "month": "M12",
      "wakixCommercial": 66.6,
      "xywavCommercial": 69.2,
      "lumryzCommercial": null,
      "wakixMedicare": null,
      "xywavMedicare": null,
      "lumryzMedicare": null
    },
    {
      "month": "M13",
      "wakixCommercial": 67.1,
      "xywavCommercial": 70.2,
      "lumryzCommercial": null,
      "wakixMedicare": null,
      "xywavMedicare": null,
      "lumryzMedicare": null
    },
    {
      "month": "M14",
      "wakixCommercial": 68.2,
      "xywavCommercial": 69.7,
      "lumryzCommercial": null,
      "wakixMedicare": null,
      "xywavMedicare": null,
      "lumryzMedicare": null
    },
    {
      "month": "M15",
      "wakixCommercial": 68.6,
      "xywavCommercial": 69.9,
      "lumryzCommercial": null,
      "wakixMedicare": null,
      "xywavMedicare": null,
      "lumryzMedicare": null
    },
    {
      "month": "M16",
      "wakixCommercial": 68.6,
      "xywavCommercial": 70.4,
      "lumryzCommercial": null,
      "wakixMedicare": null,
      "xywavMedicare": null,
      "lumryzMedicare": null
    },
    {
      "month": "M17",
      "wakixCommercial": 68.5,
      "xywavCommercial": 70.1,
      "lumryzCommercial": null,
      "wakixMedicare": null,
      "xywavMedicare": null,
      "lumryzMedicare": null
    },
    {
      "month": "M18",
      "wakixCommercial": 68,
      "xywavCommercial": 73.6,
      "lumryzCommercial": null,
      "wakixMedicare": null,
      "xywavMedicare": null,
      "lumryzMedicare": null
    },
    {
      "month": "M19",
      "wakixCommercial": 67.8,
      "xywavCommercial": 75,
      "lumryzCommercial": null,
      "wakixMedicare": null,
      "xywavMedicare": null,
      "lumryzMedicare": null
    },
    {
      "month": "M20",
      "wakixCommercial": 68,
      "xywavCommercial": 76.9,
      "lumryzCommercial": null,
      "wakixMedicare": null,
      "xywavMedicare": null,
      "lumryzMedicare": null
    },
    {
      "month": "M21",
      "wakixCommercial": 67.5,
      "xywavCommercial": 84.4,
      "lumryzCommercial": null,
      "wakixMedicare": null,
      "xywavMedicare": null,
      "lumryzMedicare": null
    },
    {
      "month": "M22",
      "wakixCommercial": 67.5,
      "xywavCommercial": 87.1,
      "lumryzCommercial": null,
      "wakixMedicare": null,
      "xywavMedicare": null,
      "lumryzMedicare": null
    },
    {
      "month": "M23",
      "wakixCommercial": 69.6,
      "xywavCommercial": 87.4,
      "lumryzCommercial": null,
      "wakixMedicare": null,
      "xywavMedicare": null,
      "lumryzMedicare": null
    },
    {
      "month": "M24",
      "wakixCommercial": 70.6,
      "xywavCommercial": 88.2,
      "lumryzCommercial": null,
      "wakixMedicare": null,
      "xywavMedicare": null,
      "lumryzMedicare": null
    },
    {
      "month": "M25",
      "wakixCommercial": 71.7,
      "xywavCommercial": 88.6,
      "lumryzCommercial": null,
      "wakixMedicare": null,
      "xywavMedicare": null,
      "lumryzMedicare": null
    },
    {
      "month": "M26",
      "wakixCommercial": 72.2,
      "xywavCommercial": 88.1,
      "lumryzCommercial": null,
      "wakixMedicare": null,
      "xywavMedicare": null,
      "lumryzMedicare": null
    },
    {
      "month": "M27",
      "wakixCommercial": 72.4,
      "xywavCommercial": 88.2,
      "lumryzCommercial": null,
      "wakixMedicare": null,
      "xywavMedicare": null,
      "lumryzMedicare": null
    },
    {
      "month": "M28",
      "wakixCommercial": 72.5,
      "xywavCommercial": 88.2,
      "lumryzCommercial": null,
      "wakixMedicare": null,
      "xywavMedicare": null,
      "lumryzMedicare": null
    },
    {
      "month": "M29",
      "wakixCommercial": 72.7,
      "xywavCommercial": 88.2,
      "lumryzCommercial": null,
      "wakixMedicare": null,
      "xywavMedicare": null,
      "lumryzMedicare": null
    },
    {
      "month": "M30",
      "wakixCommercial": 74.7,
      "xywavCommercial": 89.7,
      "lumryzCommercial": null,
      "wakixMedicare": null,
      "xywavMedicare": null,
      "lumryzMedicare": null
    },
    {
      "month": "M31",
      "wakixCommercial": 77.6,
      "xywavCommercial": 89.7,
      "lumryzCommercial": null,
      "wakixMedicare": null,
      "xywavMedicare": null,
      "lumryzMedicare": null
    },
    {
      "month": "M32",
      "wakixCommercial": 83.8,
      "xywavCommercial": 89.9,
      "lumryzCommercial": null,
      "wakixMedicare": null,
      "xywavMedicare": null,
      "lumryzMedicare": null
    },
    {
      "month": "M33",
      "wakixCommercial": 84,
      "xywavCommercial": 92,
      "lumryzCommercial": null,
      "wakixMedicare": null,
      "xywavMedicare": null,
      "lumryzMedicare": null
    },
    {
      "month": "M34",
      "wakixCommercial": 84,
      "xywavCommercial": 92,
      "lumryzCommercial": null,
      "wakixMedicare": null,
      "xywavMedicare": null,
      "lumryzMedicare": null
    },
    {
      "month": " ",
      "wakixCommercial": null,
      "xywavCommercial": null,
      "lumryzCommercial": null,
      "wakixMedicare": null,
      "xywavMedicare": null,
      "lumryzMedicare": null
    }
  ],
  "zincData": [
    {
      "date": " Aug 23",
      "xywavTRxVolume": 1964,
      "lumryzTRxVolume": 69,
      "sodOxybateTRxVolume": 522,
      "xyremTRxVolume": 754,
      "xywavTRxShare": 59.35327893623451,
      "lumryzTRxShare": 2.085222121486854,
      "sodOxybateTRxShare": 15.775158658204896,
      "xyremTRxShare": 22.786340284073738,
      "xywavNBRxVolume": 157,
      "lumryzNBRxVolume": 36,
      "sodOxybateNBRxVolume": 44,
      "xyremNBRxVolume": 52,
      "xywavNBRxShare": 54.325259515570934,
      "lumryzNBRxShare": 12.45674740484429,
      "sodOxybateNBRxShare": 15.22491349480969,
      "xyremNBRxShare": 17.99307958477509,
      "undefinedTRxVolume": 100
    },
    {
      "date": " Sept 23",
      "xywavTRxVolume": 1785,
      "lumryzTRxVolume": 86,
      "sodOxybateTRxVolume": 489,
      "xyremTRxVolume": 674,
      "xywavTRxShare": 58.83322346736981,
      "lumryzTRxShare": 2.8345418589321025,
      "sodOxybateTRxShare": 16.117336849044168,
      "xyremTRxShare": 22.214897824653924,
      "xywavNBRxVolume": 118,
      "lumryzNBRxVolume": 38,
      "sodOxybateNBRxVolume": 38,
      "xyremNBRxVolume": 34,
      "xywavNBRxShare": 51.75438596491229,
      "lumryzNBRxShare": 16.666666666666664,
      "sodOxybateNBRxShare": 16.666666666666664,
      "xyremNBRxShare": 14.912280701754385,
      "undefinedTRxVolume": 100
    },
    {
      "date": " Oct 23",
      "xywavTRxVolume": 1938,
      "lumryzTRxVolume": 137,
      "sodOxybateTRxVolume": 497,
      "xyremTRxVolume": 732,
      "xywavTRxShare": 58.65617433414043,
      "lumryzTRxShare": 4.146489104116223,
      "sodOxybateTRxShare": 15.04237288135593,
      "xyremTRxShare": 22.15496368038741,
      "xywavNBRxVolume": 135,
      "lumryzNBRxVolume": 48,
      "sodOxybateNBRxVolume": 19,
      "xyremNBRxVolume": 36,
      "xywavNBRxShare": 56.72268907563025,
      "lumryzNBRxShare": 20.168067226890756,
      "sodOxybateNBRxShare": 7.9831932773109235,
      "xyremNBRxShare": 15.126050420168067,
      "undefinedTRxVolume": 100
    },
    {
      "date": " Nov 23",
      "xywavTRxVolume": 1912,
      "lumryzTRxVolume": 154,
      "sodOxybateTRxVolume": 438,
      "xyremTRxVolume": 661,
      "xywavTRxShare": 60.41074249605055,
      "lumryzTRxShare": 4.865718799368088,
      "sodOxybateTRxShare": 13.838862559241708,
      "xyremTRxShare": 20.884676145339654,
      "xywavNBRxVolume": 125,
      "lumryzNBRxVolume": 39,
      "sodOxybateNBRxVolume": 36,
      "xyremNBRxVolume": 28,
      "xywavNBRxShare": 54.824561403508774,
      "lumryzNBRxShare": 17.105263157894736,
      "sodOxybateNBRxShare": 15.789473684210526,
      "xyremNBRxShare": 12.280701754385964
    },
    {
      "date": " Dec 23",
      "xywavTRxVolume": 2037,
      "lumryzTRxVolume": 207,
      "sodOxybateTRxVolume": 408,
      "xyremTRxVolume": 657,
      "xywavTRxShare": 61.55938349954669,
      "lumryzTRxShare": 6.255666364460562,
      "sodOxybateTRxShare": 12.330009066183138,
      "xyremTRxShare": 19.85494106980961,
      "xywavNBRxVolume": 150,
      "lumryzNBRxVolume": 50,
      "sodOxybateNBRxVolume": 19,
      "xyremNBRxVolume": 23,
      "xywavNBRxShare": 61.98347107438017,
      "lumryzNBRxShare": 20.66115702479339,
      "sodOxybateNBRxShare": 7.851239669421488,
      "xyremNBRxShare": 9.50413223140496
    },
    {
      "date": " Jan 24",
      "xywavTRxVolume": 2038,
      "lumryzTRxVolume": 243,
      "sodOxybateTRxVolume": 294,
      "xyremTRxVolume": 280,
      "xywavTRxShare": 71.38353765323993,
      "lumryzTRxShare": 8.51138353765324,
      "sodOxybateTRxShare": 10.297723292469351,
      "xyremTRxShare": 9.807355516637479,
      "xywavNBRxVolume": 522,
      "lumryzNBRxVolume": 98,
      "sodOxybateNBRxVolume": 50,
      "xyremNBRxVolume": 68,
      "xywavNBRxShare": 70.73170731707317,
      "lumryzNBRxShare": 13.279132791327914,
      "sodOxybateNBRxShare": 6.775067750677506,
      "xyremNBRxShare": 9.214092140921409
    },
    {
      "date": " Feb 24",
      "xywavTRxVolume": 1693,
      "lumryzTRxVolume": 381,
      "sodOxybateTRxVolume": 214,
      "xyremTRxVolume": 242,
      "xywavTRxShare": 66.91699604743083,
      "lumryzTRxShare": 15.059288537549406,
      "sodOxybateTRxShare": 8.458498023715414,
      "xyremTRxShare": 9.565217391304348,
      "xywavNBRxVolume": 309,
      "lumryzNBRxVolume": 122,
      "sodOxybateNBRxVolume": 31,
      "xyremNBRxVolume": 37,
      "xywavNBRxShare": 61.923847695390776,
      "lumryzNBRxShare": 24.448897795591183,
      "sodOxybateNBRxShare": 6.212424849699398,
      "xyremNBRxShare": 7.414829659318638
    },
    {
      "date": " Mar 24",
      "xywavTRxVolume": 2676,
      "lumryzTRxVolume": 319,
      "sodOxybateTRxVolume": 310,
      "xyremTRxVolume": 320,
      "xywavTRxShare": 73.82068965517242,
      "lumryzTRxShare": 8.799999999999999,
      "sodOxybateTRxShare": 8.551724137931034,
      "xyremTRxShare": 8.827586206896552,
      "xywavNBRxVolume": 217,
      "lumryzNBRxVolume": 59,
      "sodOxybateNBRxVolume": 18,
      "xyremNBRxVolume": 19,
      "xywavNBRxShare": 69.32907348242811,
      "lumryzNBRxShare": 18.849840255591054,
      "sodOxybateNBRxShare": 5.7507987220447285,
      "xyremNBRxShare": 6.070287539936102
    },
    {
      "date": " Apr 24",
      "xywavTRxVolume": 2454,
      "lumryzTRxVolume": 401,
      "sodOxybateTRxVolume": 284,
      "xyremTRxVolume": 266,
      "xywavTRxShare": 72.0704845814978,
      "lumryzTRxShare": 11.776798825256975,
      "sodOxybateTRxShare": 8.340675477239353,
      "xyremTRxShare": 7.812041116005873,
      "xywavNBRxVolume": 197,
      "lumryzNBRxVolume": 59,
      "sodOxybateNBRxVolume": 25,
      "xyremNBRxVolume": 14,
      "xywavNBRxShare": 66.77966101694915,
      "lumryzNBRxShare": 20,
      "sodOxybateNBRxShare": 8.47457627118644,
      "xyremNBRxShare": 4.745762711864407
    },
    {
      "date": " May 24",
      "xywavTRxVolume": 2461,
      "lumryzTRxVolume": 457,
      "sodOxybateTRxVolume": 287,
      "xyremTRxVolume": 247,
      "xywavTRxShare": 71.29200463499421,
      "lumryzTRxShare": 13.23870220162225,
      "sodOxybateTRxShare": 8.314020857473928,
      "xyremTRxShare": 7.155272305909617,
      "xywavNBRxVolume": 174,
      "lumryzNBRxVolume": 72,
      "sodOxybateNBRxVolume": 15,
      "xyremNBRxVolume": 10,
      "xywavNBRxShare": 64.20664206642066,
      "lumryzNBRxShare": 26.56826568265683,
      "sodOxybateNBRxShare": 5.535055350553505,
      "xyremNBRxShare": 3.6900369003690034
    },
    {
      "date": " June 24",
      "xywavTRxVolume": 2221,
      "lumryzTRxVolume": 452,
      "sodOxybateTRxVolume": 233,
      "xyremTRxVolume": 234,
      "xywavTRxShare": 70.73248407643312,
      "lumryzTRxShare": 14.394904458598726,
      "sodOxybateTRxShare": 7.420382165605095,
      "xyremTRxShare": 7.452229299363057,
      "xywavNBRxVolume": 141,
      "lumryzNBRxVolume": 88,
      "sodOxybateNBRxVolume": 18,
      "xyremNBRxVolume": 19,
      "xywavNBRxShare": 53.00751879699248,
      "lumryzNBRxShare": 33.08270676691729,
      "sodOxybateNBRxShare": 6.7669172932330826,
      "xyremNBRxShare": 7.142857142857142
    },
    {
      "date": " July 24",
      "xywavTRxVolume": 2494,
      "lumryzTRxVolume": 513,
      "sodOxybateTRxVolume": 286,
      "xyremTRxVolume": 241,
      "xywavTRxShare": 70.57159026598755,
      "lumryzTRxShare": 14.516129032258066,
      "sodOxybateTRxShare": 8.092812676853423,
      "xyremTRxShare": 6.819468024900963,
      "xywavNBRxVolume": 183,
      "lumryzNBRxVolume": 67,
      "sodOxybateNBRxVolume": 21,
      "xyremNBRxVolume": 14,
      "xywavNBRxShare": 64.21052631578948,
      "lumryzNBRxShare": 23.50877192982456,
      "sodOxybateNBRxShare": 7.368421052631578,
      "xyremNBRxShare": 4.912280701754386
    },
    {
      "date": " Aug 24",
      "xywavTRxVolume": 2423,
      "lumryzTRxVolume": 513,
      "sodOxybateTRxVolume": 264,
      "xyremTRxVolume": 213,
      "xywavTRxShare": 70.99326106065045,
      "lumryzTRxShare": 15.030764723117493,
      "sodOxybateTRxShare": 7.7351303838265455,
      "xyremTRxShare": 6.240843832405509,
      "xywavNBRxVolume": 130,
      "lumryzNBRxVolume": 69,
      "sodOxybateNBRxVolume": 22,
      "xyremNBRxVolume": 4,
      "xywavNBRxShare": 57.77777777777777,
      "lumryzNBRxShare": 30.666666666666664,
      "sodOxybateNBRxShare": 9.777777777777779,
      "xyremNBRxShare": 1.7777777777777777
    },
    {
      "date": " Sept 24",
      "xywavTRxVolume": 2361,
      "lumryzTRxVolume": 496,
      "sodOxybateTRxVolume": 272,
      "xyremTRxVolume": 206,
      "xywavTRxShare": 70.79460269865068,
      "lumryzTRxShare": 14.87256371814093,
      "sodOxybateTRxShare": 8.15592203898051,
      "xyremTRxShare": 6.1769115442278855,
      "xywavNBRxVolume": 150,
      "lumryzNBRxVolume": 64,
      "sodOxybateNBRxVolume": 12,
      "xyremNBRxVolume": 10,
      "xywavNBRxShare": 63.559322033898304,
      "lumryzNBRxShare": 27.11864406779661,
      "sodOxybateNBRxShare": 5.084745762711865,
      "xyremNBRxShare": 4.23728813559322
    },
    {
      "date": " Oct 24",
      "xywavTRxVolume": 2515,
      "lumryzTRxVolume": 555,
      "sodOxybateTRxVolume": 281,
      "xyremTRxVolume": 221,
      "xywavTRxShare": 70.40873460246361,
      "lumryzTRxShare": 15.537513997760358,
      "sodOxybateTRxShare": 7.866741321388577,
      "xyremTRxShare": 6.187010078387458,
      "xywavNBRxVolume": 163,
      "lumryzNBRxVolume": 56,
      "sodOxybateNBRxVolume": 18,
      "xyremNBRxVolume": 7,
      "xywavNBRxShare": 66.80327868852459,
      "lumryzNBRxShare": 22.950819672131146,
      "sodOxybateNBRxShare": 7.377049180327869,
      "xyremNBRxShare": 2.8688524590163933
    },
    {
      "date": " ",
      "xywavTRxVolume": null,
      "lumryzTRxVolume": null,
      "sodOxybateTRxVolume": null,
      "xyremTRxVolume": null,
      "xywavTRxShare": 0,
      "lumryzTRxShare": 0,
      "sodOxybateTRxShare": 0,
      "xyremTRxShare": 0,
      "xywavNBRxVolume": null,
      "lumryzNBRxVolume": null,
      "sodOxybateNBRxVolume": null,
      "xyremNBRxVolume": null,
      "xywavNBRxShare": 0,
      "lumryzNBRxShare": 0,
      "sodOxybateNBRxShare": 0,
      "xyremNBRxShare": 0
    }
  ],
  "emisarData": [
    {
      "date": " Aug 23",
      "xywavTRxVolume": 1273,
      "lumryzTRxVolume": 28,
      "sodOxybateTRxVolume": 337,
      "xyremTRxVolume": 376,
      "xywavTRxShare": 63.20754716981132,
      "lumryzTRxShare": 1.3902681231380336,
      "sodOxybateTRxShare": 16.73286991062562,
      "xyremTRxShare": 18.669314796425024,
      "xywavNBRxVolume": 55,
      "lumryzNBRxVolume": 10,
      "sodOxybateNBRxVolume": 17,
      "xyremNBRxVolume": 8,
      "xywavNBRxShare": 61.111111111111114,
      "lumryzNBRxShare": 11.11111111111111,
      "sodOxybateNBRxShare": 18.88888888888889,
      "xyremNBRxShare": 8.88888888888889
    },
    {
      "date": " Sept 23",
      "xywavTRxVolume": 1199,
      "lumryzTRxVolume": 46,
      "sodOxybateTRxVolume": 307,
      "xyremTRxVolume": 344,
      "xywavTRxShare": 63.23839662447257,
      "lumryzTRxShare": 2.4261603375527425,
      "sodOxybateTRxShare": 16.191983122362867,
      "xyremTRxShare": 18.143459915611814,
      "xywavNBRxVolume": 43,
      "lumryzNBRxVolume": 12,
      "sodOxybateNBRxVolume": 14,
      "xyremNBRxVolume": 6,
      "xywavNBRxShare": 57.333333333333336,
      "lumryzNBRxShare": 16,
      "sodOxybateNBRxShare": 18.666666666666668,
      "xyremNBRxShare": 8
    },
    {
      "date": " Oct 23",
      "xywavTRxVolume": 1272,
      "lumryzTRxVolume": 65,
      "sodOxybateTRxVolume": 328,
      "xyremTRxVolume": 348,
      "xywavTRxShare": 63.189269746646794,
      "lumryzTRxShare": 3.229011425732737,
      "sodOxybateTRxShare": 16.294088425235966,
      "xyremTRxShare": 17.2876304023845,
      "xywavNBRxVolume": 36,
      "lumryzNBRxVolume": 12,
      "sodOxybateNBRxVolume": 13,
      "xyremNBRxVolume": 5,
      "xywavNBRxShare": 54.54545454545454,
      "lumryzNBRxShare": 18.181818181818183,
      "sodOxybateNBRxShare": 19.696969696969695,
      "xyremNBRxShare": 7.575757575757576
    },
    {
      "date": " Nov 23",
      "xywavTRxVolume": 1259,
      "lumryzTRxVolume": 94,
      "sodOxybateTRxVolume": 309,
      "xyremTRxVolume": 337,
      "xywavTRxShare": 62.98149074537268,
      "lumryzTRxShare": 4.702351175587794,
      "sodOxybateTRxShare": 15.457728864432216,
      "xyremTRxShare": 16.858429214607305,
      "xywavNBRxVolume": 43,
      "lumryzNBRxVolume": 21,
      "sodOxybateNBRxVolume": 5,
      "xyremNBRxVolume": 4,
      "xywavNBRxShare": 58.9041095890411,
      "lumryzNBRxShare": 28.767123287671232,
      "sodOxybateNBRxShare": 6.8493150684931505,
      "xyremNBRxShare": 5.47945205479452
    },
    {
      "date": " Dec 23",
      "xywavTRxVolume": 1235,
      "lumryzTRxVolume": 85,
      "sodOxybateTRxVolume": 329,
      "xyremTRxVolume": 332,
      "xywavTRxShare": 62.34225138818778,
      "lumryzTRxShare": 4.290762241292277,
      "sodOxybateTRxShare": 16.607773851590103,
      "xyremTRxShare": 16.759212518929832,
      "xywavNBRxVolume": 37,
      "lumryzNBRxVolume": 13,
      "sodOxybateNBRxVolume": 10,
      "xyremNBRxVolume": 9,
      "xywavNBRxShare": 53.62318840579711,
      "lumryzNBRxShare": 18.84057971014493,
      "sodOxybateNBRxShare": 14.492753623188406,
      "xyremNBRxShare": 13.043478260869565
    },
    {
      "date": " Jan 24",
      "xywavTRxVolume": 1205,
      "lumryzTRxVolume": 103,
      "sodOxybateTRxVolume": 370,
      "xyremTRxVolume": 149,
      "xywavTRxShare": 65.95511767925561,
      "lumryzTRxShare": 5.637657361795293,
      "sodOxybateTRxShare": 20.251778872468527,
      "xyremTRxShare": 8.15544608648057,
      "xywavNBRxVolume": 52,
      "lumryzNBRxVolume": 12,
      "sodOxybateNBRxVolume": 67,
      "xyremNBRxVolume": 5,
      "xywavNBRxShare": 38.23529411764706,
      "lumryzNBRxShare": 8.823529411764707,
      "sodOxybateNBRxShare": 49.26470588235294,
      "xyremNBRxShare": 3.6764705882352944
    },
    {
      "date": " Feb 24",
      "xywavTRxVolume": 895,
      "lumryzTRxVolume": 103,
      "sodOxybateTRxVolume": 274,
      "xyremTRxVolume": 92,
      "xywavTRxShare": 65.6158357771261,
      "lumryzTRxShare": 7.551319648093842,
      "sodOxybateTRxShare": 20.08797653958944,
      "xyremTRxShare": 6.744868035190615,
      "xywavNBRxVolume": 37,
      "lumryzNBRxVolume": 12,
      "sodOxybateNBRxVolume": 12,
      "xyremNBRxVolume": 3,
      "xywavNBRxShare": 57.8125,
      "lumryzNBRxShare": 18.75,
      "sodOxybateNBRxShare": 18.75,
      "xyremNBRxShare": 4.6875
    },
    {
      "date": " Mar 24",
      "xywavTRxVolume": 1638,
      "lumryzTRxVolume": 122,
      "sodOxybateTRxVolume": 495,
      "xyremTRxVolume": 141,
      "xywavTRxShare": 68.36393989983306,
      "lumryzTRxShare": 5.091819699499165,
      "sodOxybateTRxShare": 20.659432387312187,
      "xyremTRxShare": 5.884808013355593,
      "xywavNBRxVolume": 65,
      "lumryzNBRxVolume": 17,
      "sodOxybateNBRxVolume": 26,
      "xyremNBRxVolume": 2,
      "xywavNBRxShare": 59.09090909090909,
      "lumryzNBRxShare": 15.454545454545453,
      "sodOxybateNBRxShare": 23.636363636363637,
      "xyremNBRxShare": 1.8181818181818181
    },
    {
      "date": " Apr 24",
      "xywavTRxVolume": 1363,
      "lumryzTRxVolume": 136,
      "sodOxybateTRxVolume": 409,
      "xyremTRxVolume": 122,
      "xywavTRxShare": 67.14285714285714,
      "lumryzTRxShare": 6.6995073891625605,
      "sodOxybateTRxShare": 20.147783251231527,
      "xyremTRxShare": 6.009852216748769,
      "xywavNBRxVolume": 44,
      "lumryzNBRxVolume": 16,
      "sodOxybateNBRxVolume": 14,
      "xyremNBRxVolume": 2,
      "xywavNBRxShare": 57.89473684210527,
      "lumryzNBRxShare": 21.052631578947366,
      "sodOxybateNBRxShare": 18.421052631578945,
      "xyremNBRxShare": 2.631578947368421
    },
    {
      "date": " May 24",
      "xywavTRxVolume": 1428,
      "lumryzTRxVolume": 150,
      "sodOxybateTRxVolume": 430,
      "xyremTRxVolume": 111,
      "xywavTRxShare": 67.39027843322322,
      "lumryzTRxShare": 7.078810759792355,
      "sodOxybateTRxShare": 20.292590844738083,
      "xyremTRxShare": 5.238319962246343,
      "xywavNBRxVolume": 48,
      "lumryzNBRxVolume": 12,
      "sodOxybateNBRxVolume": 13,
      "xyremNBRxVolume": 3,
      "xywavNBRxShare": 63.1578947368421,
      "lumryzNBRxShare": 15.789473684210526,
      "sodOxybateNBRxShare": 17.105263157894736,
      "xyremNBRxShare": 3.9473684210526314
    },
    {
      "date": " June 24",
      "xywavTRxVolume": 1286,
      "lumryzTRxVolume": 140,
      "sodOxybateTRxVolume": 414,
      "xyremTRxVolume": 105,
      "xywavTRxShare": 66.11825192802057,
      "lumryzTRxShare": 7.197943444730077,
      "sodOxybateTRxShare": 21.2853470437018,
      "xyremTRxShare": 5.3984575835475574,
      "xywavNBRxVolume": 41,
      "lumryzNBRxVolume": 21,
      "sodOxybateNBRxVolume": 13,
      "xyremNBRxVolume": 1,
      "xywavNBRxShare": 53.94736842105263,
      "lumryzNBRxShare": 27.631578947368425,
      "sodOxybateNBRxShare": 17.105263157894736,
      "xyremNBRxShare": 1.3157894736842104
    },
    {
      "date": " July 24",
      "xywavTRxVolume": 1361,
      "lumryzTRxVolume": 169,
      "sodOxybateTRxVolume": 425,
      "xyremTRxVolume": 99,
      "xywavTRxShare": 66.26095423563778,
      "lumryzTRxShare": 8.227848101265822,
      "sodOxybateTRxShare": 20.69133398247322,
      "xyremTRxShare": 4.8198636806231745,
      "xywavNBRxVolume": 42,
      "lumryzNBRxVolume": 19,
      "sodOxybateNBRxVolume": 11,
      "xyremNBRxVolume": 1,
      "xywavNBRxShare": 57.534246575342465,
      "lumryzNBRxShare": 26.027397260273972,
      "sodOxybateNBRxShare": 15.068493150684931,
      "xyremNBRxShare": 1.36986301369863
    },
    {
      "date": " Aug 24",
      "xywavTRxVolume": 1434,
      "lumryzTRxVolume": 180,
      "sodOxybateTRxVolume": 425,
      "xyremTRxVolume": 96,
      "xywavTRxShare": 67.16627634660422,
      "lumryzTRxShare": 8.430913348946136,
      "sodOxybateTRxShare": 19.906323185011708,
      "xyremTRxShare": 4.496487119437939,
      "xywavNBRxVolume": 52,
      "lumryzNBRxVolume": 14,
      "sodOxybateNBRxVolume": 8,
      "xyremNBRxVolume": 0,
      "xywavNBRxShare": 70.27027027027027,
      "lumryzNBRxShare": 18.91891891891892,
      "sodOxybateNBRxShare": 10.81081081081081,
      "xyremNBRxShare": 0
    },
    {
      "date": " Sept 24",
      "xywavTRxVolume": 1362,
      "lumryzTRxVolume": 184,
      "sodOxybateTRxVolume": 404,
      "xyremTRxVolume": 97,
      "xywavTRxShare": 66.53639472398632,
      "lumryzTRxShare": 8.98876404494382,
      "sodOxybateTRxShare": 19.7361993160723,
      "xyremTRxShare": 4.738641914997557,
      "xywavNBRxVolume": 37,
      "lumryzNBRxVolume": 12,
      "sodOxybateNBRxVolume": 7,
      "xyremNBRxVolume": 4,
      "xywavNBRxShare": 61.66666666666667,
      "lumryzNBRxShare": 20,
      "sodOxybateNBRxShare": 11.666666666666666,
      "xyremNBRxShare": 6.666666666666667
    },
    {
      "date": " Oct 24",
      "xywavTRxVolume": 1349,
      "lumryzTRxVolume": 174,
      "sodOxybateTRxVolume": 389,
      "xyremTRxVolume": 87,
      "xywavTRxShare": 67.48374187093546,
      "lumryzTRxShare": 8.704352176088044,
      "sodOxybateTRxShare": 19.459729864932466,
      "xyremTRxShare": 4.352176088044022,
      "xywavNBRxVolume": 46,
      "lumryzNBRxVolume": 15,
      "sodOxybateNBRxVolume": 4,
      "xyremNBRxVolume": 2,
      "xywavNBRxShare": 68.65671641791045,
      "lumryzNBRxShare": 22.388059701492537,
      "sodOxybateNBRxShare": 5.970149253731343,
      "xyremNBRxShare": 2.9850746268656714
    }
  ],
  "ascentData": [
    {
      "date": " Aug 23",
      "xywavTRxVolume": 2991,
      "lumryzTRxVolume": 76,
      "sodOxybateTRxVolume": 1096,
      "xyremTRxVolume": 684,
      "xywavTRxShare": 61.70827315865483,
      "lumryzTRxShare": 1.5679801939343925,
      "sodOxybateTRxShare": 22.61192490200124,
      "xyremTRxShare": 14.11182174540953,
      "xywavNBRxVolume": 474,
      "lumryzNBRxVolume": 57,
      "sodOxybateNBRxVolume": 177,
      "xyremNBRxVolume": 91,
      "xywavNBRxShare": 59.32415519399249,
      "lumryzNBRxShare": 7.133917396745932,
      "sodOxybateNBRxShare": 22.152690863579476,
      "xyremNBRxShare": 11.389236545682103
    },
    {
      "date": " Sept 23",
      "xywavTRxVolume": 2696,
      "lumryzTRxVolume": 128,
      "sodOxybateTRxVolume": 1016,
      "xyremTRxVolume": 596,
      "xywavTRxShare": 60.77547339945897,
      "lumryzTRxShare": 2.8854824165915236,
      "sodOxybateTRxShare": 22.903516681695223,
      "xyremTRxShare": 13.435527502254283,
      "xywavNBRxVolume": 419,
      "lumryzNBRxVolume": 90,
      "sodOxybateNBRxVolume": 142,
      "xyremNBRxVolume": 92,
      "xywavNBRxShare": 56.39300134589502,
      "lumryzNBRxShare": 12.113055181695827,
      "sodOxybateNBRxShare": 19.11170928667564,
      "xyremNBRxShare": 12.382234185733513
    },
    {
      "date": " Oct 23",
      "xywavTRxVolume": 2913,
      "lumryzTRxVolume": 172,
      "sodOxybateTRxVolume": 1132,
      "xyremTRxVolume": 517,
      "xywavTRxShare": 61.533586818757925,
      "lumryzTRxShare": 3.633291085762569,
      "sodOxybateTRxShare": 23.912125052809465,
      "xyremTRxShare": 10.920997042670047,
      "xywavNBRxVolume": 493,
      "lumryzNBRxVolume": 90,
      "sodOxybateNBRxVolume": 174,
      "xyremNBRxVolume": 72,
      "xywavNBRxShare": 59.4692400482509,
      "lumryzNBRxShare": 10.85645355850422,
      "sodOxybateNBRxShare": 20.989143546441497,
      "xyremNBRxShare": 8.685162846803378
    },
    {
      "date": " Nov 23",
      "xywavTRxVolume": 2853,
      "lumryzTRxVolume": 198,
      "sodOxybateTRxVolume": 1122,
      "xyremTRxVolume": 497,
      "xywavTRxShare": 61.09207708779443,
      "lumryzTRxShare": 4.23982869379015,
      "sodOxybateTRxShare": 24.025695931477518,
      "xyremTRxShare": 10.642398286937901,
      "xywavNBRxVolume": 460,
      "lumryzNBRxVolume": 90,
      "sodOxybateNBRxVolume": 192,
      "xyremNBRxVolume": 72,
      "xywavNBRxShare": 56.51105651105651,
      "lumryzNBRxShare": 11.056511056511056,
      "sodOxybateNBRxShare": 23.587223587223587,
      "xyremNBRxShare": 8.845208845208845
    },
    {
      "date": " Dec 23",
      "xywavTRxVolume": 3008,
      "lumryzTRxVolume": 207,
      "sodOxybateTRxVolume": 1239,
      "xyremTRxVolume": 533,
      "xywavTRxShare": 60.3168237417285,
      "lumryzTRxShare": 4.1507920593543215,
      "sodOxybateTRxShare": 24.84459594946862,
      "xyremTRxShare": 10.687788249448566,
      "xywavNBRxVolume": 458,
      "lumryzNBRxVolume": 91,
      "sodOxybateNBRxVolume": 177,
      "xyremNBRxVolume": 79,
      "xywavNBRxShare": 56.8944099378882,
      "lumryzNBRxShare": 11.304347826086957,
      "sodOxybateNBRxShare": 21.987577639751553,
      "xyremNBRxShare": 9.813664596273291
    },
    {
      "date": " Jan 24",
      "xywavTRxVolume": 2635,
      "lumryzTRxVolume": 233,
      "sodOxybateTRxVolume": 949,
      "xyremTRxVolume": 390,
      "xywavTRxShare": 62.63370572854766,
      "lumryzTRxShare": 5.538388400285239,
      "sodOxybateTRxShare": 22.557642025196103,
      "xyremTRxShare": 9.270263845971002,
      "xywavNBRxVolume": 482,
      "lumryzNBRxVolume": 104,
      "sodOxybateNBRxVolume": 128,
      "xyremNBRxVolume": 57,
      "xywavNBRxShare": 62.51621271076524,
      "lumryzNBRxShare": 13.488975356679637,
      "sodOxybateNBRxShare": 16.601815823605705,
      "xyremNBRxShare": 7.392996108949417
    },
    {
      "date": " Feb 24",
      "xywavTRxVolume": 2777,
      "lumryzTRxVolume": 290,
      "sodOxybateTRxVolume": 1022,
      "xyremTRxVolume": 382,
      "xywavTRxShare": 62.11138447774547,
      "lumryzTRxShare": 6.486244687989264,
      "sodOxybateTRxShare": 22.85842093491389,
      "xyremTRxShare": 8.543949899351375,
      "xywavNBRxVolume": 194,
      "lumryzNBRxVolume": 60,
      "sodOxybateNBRxVolume": 52,
      "xyremNBRxVolume": 19,
      "xywavNBRxShare": 59.692307692307686,
      "lumryzNBRxShare": 18.461538461538463,
      "sodOxybateNBRxShare": 16,
      "xyremNBRxShare": 5.846153846153846
    },
    {
      "date": " Mar 24",
      "xywavTRxVolume": 2265,
      "lumryzTRxVolume": 258,
      "sodOxybateTRxVolume": 859,
      "xyremTRxVolume": 332,
      "xywavTRxShare": 60.98546042003231,
      "lumryzTRxShare": 6.946688206785137,
      "sodOxybateTRxShare": 23.128702207862144,
      "xyremTRxShare": 8.939149165320408,
      "xywavNBRxVolume": 315,
      "lumryzNBRxVolume": 104,
      "sodOxybateNBRxVolume": 87,
      "xyremNBRxVolume": 38,
      "xywavNBRxShare": 57.904411764705884,
      "lumryzNBRxShare": 19.11764705882353,
      "sodOxybateNBRxShare": 15.992647058823529,
      "xyremNBRxShare": 6.985294117647059
    },
    {
      "date": " Apr 24",
      "xywavTRxVolume": 2381,
      "lumryzTRxVolume": 275,
      "sodOxybateTRxVolume": 850,
      "xyremTRxVolume": 250,
      "xywavTRxShare": 63.391906283280086,
      "lumryzTRxShare": 7.321618743343983,
      "sodOxybateTRxShare": 22.630457933972313,
      "xyremTRxShare": 6.656017039403621,
      "xywavNBRxVolume": 289,
      "lumryzNBRxVolume": 96,
      "sodOxybateNBRxVolume": 87,
      "xyremNBRxVolume": 20,
      "xywavNBRxShare": 58.739837398373986,
      "lumryzNBRxShare": 19.51219512195122,
      "sodOxybateNBRxShare": 17.682926829268293,
      "xyremNBRxShare": 4.0650406504065035
    },
    {
      "date": " May 24",
      "xywavTRxVolume": 2341,
      "lumryzTRxVolume": 299,
      "sodOxybateTRxVolume": 851,
      "xyremTRxVolume": 230,
      "xywavTRxShare": 62.913195377586675,
      "lumryzTRxShare": 8.035474334856222,
      "sodOxybateTRxShare": 22.87019618382155,
      "xyremTRxShare": 6.1811341037355545,
      "xywavNBRxVolume": 299,
      "lumryzNBRxVolume": 113,
      "sodOxybateNBRxVolume": 86,
      "xyremNBRxVolume": 18,
      "xywavNBRxShare": 57.94573643410853,
      "lumryzNBRxShare": 21.899224806201552,
      "sodOxybateNBRxShare": 16.666666666666664,
      "xyremNBRxShare": 3.488372093023256
    },
    {
      "date": " June 24",
      "xywavTRxVolume": 2401,
      "lumryzTRxVolume": 309,
      "sodOxybateTRxVolume": 877,
      "xyremTRxVolume": 219,
      "xywavTRxShare": 63.08460325801366,
      "lumryzTRxShare": 8.1187598528639,
      "sodOxybateTRxShare": 23.04256437204414,
      "xyremTRxShare": 5.754072517078297,
      "xywavNBRxVolume": 362,
      "lumryzNBRxVolume": 175,
      "sodOxybateNBRxVolume": 193,
      "xyremNBRxVolume": 39,
      "xywavNBRxShare": 47.074122236671,
      "lumryzNBRxShare": 22.756827048114435,
      "sodOxybateNBRxShare": 25.097529258777634,
      "xyremNBRxShare": 5.071521456436931
    },
    {
      "date": " July 24",
      "xywavTRxVolume": 2580,
      "lumryzTRxVolume": 366,
      "sodOxybateTRxVolume": 910,
      "xyremTRxVolume": 204,
      "xywavTRxShare": 63.54679802955665,
      "lumryzTRxShare": 9.014778325123153,
      "sodOxybateTRxShare": 22.413793103448278,
      "xyremTRxShare": 5.024630541871921,
      "xywavNBRxVolume": 294,
      "lumryzNBRxVolume": 138,
      "sodOxybateNBRxVolume": 66,
      "xyremNBRxVolume": 11,
      "xywavNBRxShare": 57.760314341846765,
      "lumryzNBRxShare": 27.111984282907663,
      "sodOxybateNBRxShare": 12.966601178781925,
      "xyremNBRxShare": 2.161100196463654
    },
    {
      "date": " Aug 24",
      "xywavTRxVolume": 2308,
      "lumryzTRxVolume": 409,
      "sodOxybateTRxVolume": 825,
      "xyremTRxVolume": 159,
      "xywavTRxShare": 62.36152391245609,
      "lumryzTRxShare": 11.051067279113754,
      "sodOxybateTRxShare": 22.291272629019186,
      "xyremTRxShare": 4.29613617941097,
      "xywavNBRxVolume": 272,
      "lumryzNBRxVolume": 186,
      "sodOxybateNBRxVolume": 61,
      "xyremNBRxVolume": 10,
      "xywavNBRxShare": 51.417769376181475,
      "lumryzNBRxShare": 35.16068052930057,
      "sodOxybateNBRxShare": 11.531190926275993,
      "xyremNBRxShare": 1.890359168241966
    },
    {
      "date": " Sept 24",
      "xywavTRxVolume": 2337,
      "lumryzTRxVolume": 407,
      "sodOxybateTRxVolume": 904,
      "xyremTRxVolume": 173,
      "xywavTRxShare": 61.16199947657681,
      "lumryzTRxShare": 10.65166186862078,
      "sodOxybateTRxShare": 23.65872808165402,
      "xyremTRxShare": 4.52761057314839,
      "xywavNBRxVolume": 263,
      "lumryzNBRxVolume": 146,
      "sodOxybateNBRxVolume": 96,
      "xyremNBRxVolume": 25,
      "xywavNBRxShare": 49.62264150943396,
      "lumryzNBRxShare": 27.547169811320753,
      "sodOxybateNBRxShare": 18.11320754716981,
      "xyremNBRxShare": 4.716981132075472
    },
    {
      "date": " Oct 24",
      "xywavTRxVolume": 2490,
      "lumryzTRxVolume": 445,
      "sodOxybateTRxVolume": 871,
      "xyremTRxVolume": 154,
      "xywavTRxShare": 62.878787878787875,
      "lumryzTRxShare": 11.237373737373737,
      "sodOxybateTRxShare": 21.994949494949495,
      "xyremTRxShare": 3.888888888888889,
      "xywavNBRxVolume": 300,
      "lumryzNBRxVolume": 174,
      "sodOxybateNBRxVolume": 76,
      "xyremNBRxVolume": 10,
      "xywavNBRxShare": 53.57142857142857,
      "lumryzNBRxShare": 31.071428571428573,
      "sodOxybateNBRxShare": 13.571428571428571,
      "xyremNBRxShare": 1.7857142857142856
    }
  ]
}